SOrg,SaTy,Sales_Doc,Sold_to,Name_1,Ship_to,Name_11,CustLoy,FocCust,Territory,Created_on,Typ,Material,Item_Description,Order_Qty,Corrqty,ConfirmQty,SU,BO_value,Curr,InitReqDt,promised,MatAvDt,DlvDate,DS,DB,BOstatus,BO,BO_status_changed,GM,unc,Description,SC,Route,Reqdlvdt,key_material
8650,ZRO,7221164768,18870285,CONSTRUCTORA SANTA FE S A,23779670,BODEGA CENTRAL CONST SANTA FE SA,nan,nan,TCL3100010,2021-02-03,X6,208557,Tapa carcasa motor,100.0,100.0,100.0,PC,-124.372,CLP,2021-02-03,2021-02-24,2021-02-24,2021-02-24,A,nan,Unproc,X,,A,nan,REPAIR PARTS,0E,ZCL915,2021-02-03,8650/208557
8650,ZRO,7221748406,15919101,CONSTRUCTORA SALFA SA,27305425,1500E001 C AREA EQUIPO MAYOR,nan,X,TCL3400019,2021-03-29,X6,2076113,Rotor TE 70 220V-240V kit de servicio,100.0,100.0,100.0,PC,-304.171,CLP,2021-03-29,2021-04-30,2021-04-14,2021-04-30,A,nan,Unproc,X,,A,nan,REPAIR PARTS,0E,ZCL126,2021-03-29,8650/2076113
8650,ZRO,7222524729,15917761,CONSTRUCTORA PACAL  S A,27543364,OBRA GRAN ROBLE TALCA,nan,X,TCL3700011,2021-06-15,X6,2252970,Interruptor DGH130,100.0,100.0,100.0,PC,nan,CLP,2021-06-14,2021-06-22,2021-06-18,2021-06-22,A,nan,Unproc,X,,A,nan,REPAIR PARTS,0E,ZCL121,2021-06-14,8650/2252970
8650,ZRO,7222558401,21495207,SOLTEC CHILE SPA,27746037,PV-SOL DE LILA,nan,X,TCL2600010,2021-06-16,X6,2138147,Engranaje SIW 6AT-A22,100.0,100.0,100.0,PC,nan,CLP,2021-06-17,2021-07-07,2021-07-07,2021-07-07,A,nan,Unproc,X,,A,nan,REPAIR PARTS,0E,ZCL915,2021-06-17,8650/2138147
8650,ZRO,7222742400,15923727,COMERCIAL LEJOMA SPA,19119144,COMERCIAL LEJOMA LTDA.,nan,X,TCL3100021,2021-07-02,X6,2153042,Corredera SAG 125-13S,100.0,100.0,100.0,PC,nan,CLP,2021-07-02,2021-07-13,2021-07-13,2021-07-13,A,nan,Unproc,X,,A,nan,REPAIR PARTS,0E,ZCL915,2021-07-02,8650/2153042
8650,ZRO,7223076442,15916898,CONSTRUCTORA POCURO SPA,27184700,ALTOS DE SAN ANDRES I TORRE 1 Y 2,nan,X,TCL3700013,2021-08-04,X6,241370,Rotor 220V - 240V embal.,100.0,100.0,100.0,PC,88.600,CLP,2021-08-04,2021-08-17,2021-08-13,2021-08-17,A,nan,Unproc,X,,A,nan,REPAIR PARTS,0E,ZCL103,2021-08-04,8650/241370
8650,ZRO,7223221581,23763983,CONSTRUCTORA ALTURAS DEL SUR SPA,25769759,O096 - OBRA / URBANO BUSTAMANTE,nan,nan,TCL3300016,2021-08-20,X6,363951,Motor 220V-240V cpl,100.0,100.0,,PC,nan,CLP,,,,2021-08-20,nan,Z3,Unproc,X,,nan,X,REPAIR PARTS,0E,ZCL915,2021-08-20,8650/363951
8650,ZRO,7223221581,23763983,CONSTRUCTORA ALTURAS DEL SUR SPA,25769759,O096 - OBRA / URBANO BUSTAMANTE,nan,nan,TCL3300016,2021-08-20,X6,2008089,Tapa de válvula kit,100.0,100.0,,PC,nan,CLP,,,,2021-08-20,nan,Z3,Unproc,X,,nan,X,REPAIR PARTS,0E,ZCL915,2021-08-20,8650/2008089
3000,OR,574163335,26932552,EXPERIENCIAS XCARET HOTELES,26932552,EXPERIENCIAS XCARET HOTELES,nan,X,TMXS015305,2024-04-01,Y1,2210266,Ultimate exp anc KB-TZ2 1/2x5 1/2 SS316,2000.0,2000.0,2000.0,PC,"9.619,50",MXN,2024-04-02,2024-05-10,2024-07-10,2024-07-17,A,nan,Unproc,X,,A,nan,Anchors Mechanical,S1,ZMXA06,2024-04-02,3000/2210266
3000,OR,574163377,22247803,INGEMAS MEXICO,29745072,INGEMAS MEXICO S.A. DE C.V.,nan,nan,TMXS012907,2024-04-01,X0,2210301,Ultimate exp anc KB-TZ2 1x9,,500.0,500.0,PC,"6.417,77",MXN,2024-05-15,2024-05-15,2024-07-23,2024-07-26,A,nan,Unproc,X,,A,nan,Anchors Mechanical,S1,ZMXA02,2024-05-15,3000/2210301
3000,OR,574163664,19035374,DISEÑO INTEGRAL Y CONSTRUCCIONES,19035374,DISEÑO INTEGRAL Y CONSTRUCCIONES,nan,X,TMXS015305,2024-04-01,X6,2179275,Guía pernos X-FG B3-IF 02 embal.,100.0,100.0,100.0,PC,"738,63",MXN,2024-04-04,2024-06-18,2024-07-24,2024-07-31,A,nan,Unproc,X,,A,nan,DX,ST,ZMX998,2024-04-04,3000/2179275
3000,OR,574163725,18226947,FLOOR SEAL DE MEXICO,18226947,FLOOR SEAL DE MEXICO,nan,nan,TMXS015113,2024-04-01,X6,2233562,Disco diam 230/22 SPX univ,,100.0,100.0,PC,"1.838,55",MXN,2024-04-01,2024-06-13,2024-07-12,2024-07-16,A,nan,Unproc,X,,A,nan,Diamond Light,SX,ZMXA01,2024-04-01,3000/2233562
3000,OR,574163749,18683886,MARIA DEL CARMEN,18683886,MARIA DEL CARMEN,nan,X,TMXS015411,2024-04-01,X6,2341075,"Broca para taladro TE-C 1""-10""",100.0,100.0,100.0,PC,"379,02",MXN,2024-04-03,2024-06-17,2024-07-12,2024-07-17,A,nan,Unproc,X,,A,nan,PTA Cordless,S1,ZMXA02,2024-04-03,3000/2341075
3000,OR,574165773,20704389,PROTEINAS Y OLEICOS,30788801,PROTEINAS Y OLEICOS,nan,nan,TMXCAM0105,2024-04-02,X6,2018448,"Varilla anclaje HIT-Z 5/8"" x 9 1/2""",2400.0,2400.0,2400.0,PC,"6.755,80",MXN,2024-04-03,2024-06-10,2024-07-10,2024-07-15,A,nan,Unproc,X,,A,nan,Anchors Chemical,S0,ZMXA02,2024-04-03,3000/2018448
8750,OR,574167921,20771882,TK VENTAS Y SERVICIOS S.R.L.,29219854,TK VENTAS Y SERVICIOS S.R.L.,nan,X,TAR0120105,2024-04-03,X6,304341,"Abrazadera cortafuego CP 644-200/8"" US",200.0,200.0,200.0,PC,"1.412,14",USD,2024-04-04,2024-07-03,2024-08-01,2024-08-06,A,nan,Unproc,X,,A,nan,Firestop,S0,ZAR48B,2024-04-04,8750/304341
3000,OR,574167967,17237692,RICARDO AVILA FUENTES,17237692,RICARDO AVILA FUENTES,nan,X,TMXS015111,2024-04-03,X6,2206753,"Broca para taladro TE-CX 27/32""-10""",200.0,200.0,200.0,PC,"3.744,00",MXN,2024-04-03,2024-06-14,2024-07-12,2024-07-16,A,nan,Unproc,X,,A,nan,PTA Cordless,SX,ZMXA01,2024-04-03,3000/2206753
8650,OR,574168182,15912286,OBRASCON HUARTE LAIN S.A. AG.EN,29179149,PDI Viña del Mar,nan,X,TCL3100013,2024-04-03,X5,3582036,REBAR CUTTER 3/4 X 12,1000.0,1000.0,1000.0,PC,877.200,CLP,2024-04-04,2024-06-14,2024-09-02,2024-09-04,A,nan,Unproc,X,,A,nan,PTA Cordless,S1,ZCL313,2024-06-14,8650/3582036
8750,OR,574169426,25972745,ARIAS & KOMESU S.A.,25972745,ARIAS & KOMESU S.A.,nan,nan,TAR0110303,2024-04-04,X6,2293138,Anclaje tornillo HUS4-H 8x85 45/25/15,15000.0,15000.0,15000.0,PC,"403,90",USD,2024-04-05,2024-06-27,2024-08-01,2024-08-06,A,nan,Unproc,X,,A,nan,Anchors Mechanical,S1,ZAR013,2024-04-05,8750/2293138
8300,OR,574169504,21436097,BORGES LEAL LOCACOES E CIA LTDA ME,21436097,BORGES LEAL LOCACOES E CIA LTDA ME,nan,nan,TBR2020510,2024-04-04,X6,2093899,Electrónica TE 1000_02 220-240V embal.,100.0,100.0,100.0,PC,"1.594,28",BRL,2024-04-05,2024-05-17,2024-05-08,2024-05-17,A,nan,Unproc,X,,A,nan,REPAIR PARTS,S0,ZBR7B3,2024-04-05,8300/2093899
8300,OR,574170031,16895297,PETROLEO BRASILEIRO S A PETROBRAS,22062432,PETROLEO BRASILEIRO S A - UN-BC,nan,X,TBR3020107,2024-04-04,X6,2216391,Placa OS A-M-PL SS,4000.0,4000.0,,PC,"12.635,59",BRL,,2024-08-16,,2024-04-05,nan,nan,Unproc,X,,nan,X,Oegland,UH,ZBR7G3,2024-04-05,8300/2216391
8300,OR,574170196,16890696,ENGELOC EMPREENDIMENTOS LTDA EPP,16890696,ENGELOC EMPREENDIMENTOS LTDA EPP,nan,X,TBR2020512,2024-04-04,X6,330445,Parafuso plastite 45 6X40 T30 preto,100.0,100.0,100.0,PC,"2,39",BRL,2024-04-05,2024-05-14,2024-07-15,2024-07-22,A,nan,Unproc,X,,A,nan,REPAIR PARTS,S0,ZBR7C4,2024-04-05,8300/330445
8300,OR,574170217,24366445,GAMA EQUIPAMENTOS EIRELI ME,24366445,GAMA EQUIPAMENTOS EIRELI ME,nan,X,TBR2020507,2024-04-04,X6,2071880,Anel amortecedor,400.0,400.0,400.0,PC,"144,43",BRL,2024-04-05,2024-05-14,2024-05-14,2024-05-20,A,nan,Unproc,X,,A,nan,REPAIR PARTS,S0,ZBR7F0,2024-04-05,8300/2071880
8300,OR,574170217,24366445,GAMA EQUIPAMENTOS EIRELI ME,24366445,GAMA EQUIPAMENTOS EIRELI ME,nan,X,TBR2020507,2024-04-04,X6,2180753,Anel detentor nitriert,,100.0,100.0,PC,"174,81",BRL,2024-04-05,2024-05-14,2024-05-14,2024-05-20,A,nan,Unproc,X,,A,nan,REPAIR PARTS,S0,ZBR7F0,2024-04-05,8300/2180753
8300,OR,574170218,17436586,WF LOCADORA DE FERRAMENTAS,17436586,WF LOCADORA DE FERRAMENTAS,nan,nan,TBR2020507,2024-04-04,X6,279457,Cobertura,100.0,100.0,100.0,PC,"29,75",BRL,2024-04-05,2024-05-14,2024-07-15,2024-07-22,A,nan,Unproc,X,,A,nan,REPAIR PARTS,S0,ZBR7F0,2024-04-05,8300/279457
8300,OR,574170218,17436586,WF LOCADORA DE FERRAMENTAS,17436586,WF LOCADORA DE FERRAMENTAS,nan,nan,TBR2020507,2024-04-04,X6,279504,Tampa inferior,100.0,100.0,100.0,PC,"18,11",BRL,2024-04-05,2024-05-14,2024-07-15,2024-07-22,A,nan,Unproc,X,,A,nan,REPAIR PARTS,S0,ZBR7F0,2024-04-05,8300/279504
8300,OR,574170218,17436586,WF LOCADORA DE FERRAMENTAS,17436586,WF LOCADORA DE FERRAMENTAS,nan,nan,TBR2020507,2024-04-04,PD,282987,Mandril DD-CS-BL,200.0,200.0,200.0,PC,"1.083,24",BRL,2024-04-05,2024-05-14,2024-07-15,2024-07-22,A,nan,Unproc,X,,A,nan,REPAIR PARTS,S0,ZBR7F0,2024-04-05,8300/282987
8300,OR,574170218,17436586,WF LOCADORA DE FERRAMENTAS,17436586,WF LOCADORA DE FERRAMENTAS,nan,nan,TBR2020507,2024-04-04,X6,2138112,Eixo,200.0,200.0,200.0,PC,"170,27",BRL,2024-04-05,2024-07-22,2024-07-15,2024-07-22,A,nan,Unproc,X,,A,nan,REPAIR PARTS,S0,ZBR7F0,2024-04-05,8300/2138112
8300,OR,574170218,17436586,WF LOCADORA DE FERRAMENTAS,17436586,WF LOCADORA DE FERRAMENTAS,nan,nan,TBR2020507,2024-04-04,X6,2138679,Casquilho roscado longo,,100.0,100.0,EA,"82,45",BRL,2024-04-05,2024-07-22,2024-07-15,2024-07-22,A,nan,Unproc,X,,A,nan,REPAIR PARTS,S0,ZBR7F0,2024-04-05,8300/2138679
8300,ZROB,7233483657,28106486,MRV MRL RJ E GRANDE RIO,30489453,MRV MRL RJ E GRANDE RIO,nan,X,TBR2020510,2024-04-04,X6,2105236,Electrónica GX 3_01 embal.,100.0,100.0,,PC,"206,87",BRL,,,,2024-04-04,nan,ZP,Unproc,X,,nan,X,REPAIR PARTS,0E,ZBRD01,2024-04-04,8300/2105236
8300,ZROB,7233483657,28106486,MRV MRL RJ E GRANDE RIO,30489453,MRV MRL RJ E GRANDE RIO,nan,X,TBR2020510,2024-04-04,X6,2121621,Pilha GX120 kit,100.0,100.0,,PC,"81,61",BRL,,,,2024-04-04,nan,ZP,Unproc,X,,nan,X,REPAIR PARTS,0E,ZBRD01,2024-04-04,8300/2121621
8300,ZROB,7233483657,28106486,MRV MRL RJ E GRANDE RIO,30489453,MRV MRL RJ E GRANDE RIO,nan,X,TBR2020510,2024-04-04,X6,2105237,Pistola dispensadora GX 3_01 embal.,100.0,100.0,,PC,"321,66",BRL,,,,2024-04-04,nan,ZP,Unproc,X,,nan,X,REPAIR PARTS,0E,ZBRD01,2024-04-04,8300/2105237
8750,ZRO,7233484208,15910214,HIGH TECHNOLOGY SYSTEMS S.A.,15910214,HIGH TECHNOLOGY SYSTEMS S.A.,nan,nan,TAR0110303,2024-04-04,X6,2227323,Motor SF6H-A22 02 embal.,100.0,100.0,,PC,"125,39",USD,,2024-04-09,,2024-04-04,nan,Z3,Unproc,X,,nan,X,REPAIR PARTS,0E,ZAR24B,2024-04-04,8750/2227323
8750,ZRO,7233484208,15910214,HIGH TECHNOLOGY SYSTEMS S.A.,15910214,HIGH TECHNOLOGY SYSTEMS S.A.,nan,nan,TAR0110303,2024-04-04,X6,2174271,Electrónica Main unit,100.0,100.0,,PC,"0,79",USD,,2024-04-09,,2024-04-04,nan,Z3,Unproc,X,,nan,X,REPAIR PARTS,0E,ZAR24B,2024-04-04,8750/2174271
8750,ZRO,7233484208,15910214,HIGH TECHNOLOGY SYSTEMS S.A.,15910214,HIGH TECHNOLOGY SYSTEMS S.A.,nan,nan,TAR0110303,2024-04-04,X6,2238474,Engranaje SF6H-BL embal.,100.0,100.0,,PC,"31,50",USD,,2024-04-09,,2024-04-04,nan,Z3,Unproc,X,,nan,X,REPAIR PARTS,0E,ZAR24B,2024-04-04,8750/2238474
8750,ZRO,7233484208,15910214,HIGH TECHNOLOGY SYSTEMS S.A.,15910214,HIGH TECHNOLOGY SYSTEMS S.A.,nan,nan,TAR0110303,2024-04-04,X6,2195655,Resorte unit cpl,100.0,100.0,,PC,"4,57",USD,,2024-05-06,,2024-04-04,nan,Z3,Unproc,X,,nan,X,REPAIR PARTS,0E,ZAR24B,2024-04-04,8750/2195655
8750,ZRO,7233484208,15910214,HIGH TECHNOLOGY SYSTEMS S.A.,15910214,HIGH TECHNOLOGY SYSTEMS S.A.,nan,nan,TAR0110303,2024-04-04,X6,2238471,Manguito embrague par giro H embal.,100.0,100.0,,PC,"2,65",USD,,2024-04-09,,2024-04-04,nan,Z3,Unproc,X,,nan,X,REPAIR PARTS,0E,ZAR24B,2024-04-04,8750/2238471
8750,ZRO,7233484208,15910214,HIGH TECHNOLOGY SYSTEMS S.A.,15910214,HIGH TECHNOLOGY SYSTEMS S.A.,nan,nan,TAR0110303,2024-04-04,X6,2237558,Mandril Series chuck embal.,100.0,100.0,,PC,"9,18",USD,,2024-04-09,,2024-04-04,nan,Z3,Unproc,X,,nan,X,REPAIR PARTS,0E,ZAR24B,2024-04-04,8750/2237558
8750,ZRO,7233484208,15910214,HIGH TECHNOLOGY SYSTEMS S.A.,15910214,HIGH TECHNOLOGY SYSTEMS S.A.,nan,nan,TAR0110303,2024-04-04,X6,2157710,Interruptor Omron C3AW-2B,100.0,100.0,,PC,"0,08",USD,,2024-04-09,,2024-04-04,nan,Z3,Unproc,X,,nan,X,REPAIR PARTS,0E,ZAR24B,2024-04-04,8750/2157710
8750,ZRO,7233484318,15909940,CACERES DAVID GUSTAVO,15909940,CACERES DAVID GUSTAVO,nan,X,TAR0110310,2024-04-04,X6,214894,Electrónica 100V-240V embal.,100.0,100.0,,PC,"160,41",USD,,2024-04-12,,2024-04-04,nan,Z3,Unproc,X,,nan,X,REPAIR PARTS,0E,ZAR48B,2024-04-04,8750/214894
8750,ZRO,7233484318,15909940,CACERES DAVID GUSTAVO,15909940,CACERES DAVID GUSTAVO,nan,X,TAR0110310,2024-04-04,X6,46833,Acometida de agua cpl,100.0,100.0,,PC,"27,31",USD,,2024-04-12,,2024-04-04,nan,Z3,Unproc,X,,nan,X,REPAIR PARTS,0E,ZAR48B,2024-04-04,8750/46833
8750,ZRO,7233484318,15909940,CACERES DAVID GUSTAVO,15909940,CACERES DAVID GUSTAVO,nan,X,TAR0110310,2024-04-04,X6,280097,Escobilla de carbón 220V-240V juego,100.0,100.0,,PC,"10,97",USD,,2024-04-12,,2024-04-04,nan,Z3,Unproc,X,,nan,X,REPAIR PARTS,0E,ZAR48B,2024-04-04,8750/280097
8750,ZRO,7233484318,15909940,CACERES DAVID GUSTAVO,15909940,CACERES DAVID GUSTAVO,nan,X,TAR0110310,2024-04-04,X6,282067,Estator 230V,100.0,100.0,,PC,"71,59",USD,,2024-04-12,,2024-04-04,nan,Z3,Unproc,X,,nan,X,REPAIR PARTS,0E,ZAR48B,2024-04-04,8750/282067
8750,ZRO,7233484318,15909940,CACERES DAVID GUSTAVO,15909940,CACERES DAVID GUSTAVO,nan,X,TAR0110310,2024-04-04,ND,279516,Rotor 220-240V embal.,100.0,100.0,,PC,"152,25",USD,,2024-05-09,,2024-04-04,nan,Z3,Unproc,X,,nan,X,REPAIR PARTS,0E,ZAR48B,2024-04-04,8750/279516
8750,ZRO,7233484318,15909940,CACERES DAVID GUSTAVO,15909940,CACERES DAVID GUSTAVO,nan,X,TAR0110310,2024-04-04,X6,2071939,"Cable flexible 3G1,5 cpl",100.0,100.0,,PC,"15,41",USD,,2024-04-12,,2024-04-04,nan,Z3,Unproc,X,,nan,X,REPAIR PARTS,0E,ZAR48B,2024-04-04,8750/2071939
8650,OR,574171492,15912385,CODELCO CHILE,15913012,CODELCO CHILE,nan,X,TCL2700011,2024-04-05,X5,2256552,Premium exp anc KB1 3/4x10,,7000.0,7000.0,PC,810.110,CLP,2024-04-08,2024-07-01,2024-08-28,2024-09-06,A,nan,Unproc,X,,A,nan,Anchors Mechanical,SL,ZCL124,2024-04-08,8650/2256552
8300,OR,574171641,16907206,LOCADORA SUL  MAQUINAS E,16907206,LOCADORA SUL  MAQUINAS E,nan,X,TBR2020508,2024-04-05,ND,2079844,Resguardo de protecção D180,400.0,400.0,,PC,"380,53",BRL,,,,2024-04-08,nan,nan,Unproc,X,,nan,X,REPAIR PARTS,S0,ZBR7I2,2024-04-08,8300/2079844
8300,ZBTS,574171851,16906388,REGINALDO ALVES BOTELHO,16906388,REGINALDO ALVES BOTELHO,nan,nan,TBRISAM102,2024-04-05,X6,2293068,Anilha de calha Trapeze Wheel MQZ-TW-3/8,300.0,5000.0,,PC,nan,BRL,,2024-06-04,,2024-04-08,nan,nan,Unproc,X,,nan,X,Installation,S0,ZBR4D3,2024-04-08,8300/2293068
8650,OR,574171985,15912385,CODELCO CHILE,15913012,CODELCO CHILE,nan,X,TCL2700011,2024-04-05,X5,2256552,Premium exp anc KB1 3/4x10,,4000.0,4000.0,PC,nan,CLP,2024-04-08,2024-07-29,2024-07-18,2024-07-29,nan,ZB,nan,nan,,nan,nan,Anchors Mechanical,SL,ZCL124,2024-04-08,8650/2256552
8650,OR,574171985,15912385,CODELCO CHILE,15913012,CODELCO CHILE,nan,X,TCL2700011,2024-04-05,X5,2256552,Premium exp anc KB1 3/4x10,10000.0,10000.0,10000.0,PC,1.057.500,CLP,2024-07-31,2024-07-31,2024-08-28,2024-09-06,A,nan,Unproc,X,,A,nan,Anchors Mechanical,SL,ZCL124,2024-07-31,8650/2256552
8300,OR,574172146,27742176,VIVOEQUIP LOCACAO DE FERRAMENTAS,27742176,VIVOEQUIP LOCACAO DE FERRAMENTAS,nan,X,TBR2020511,2024-04-05,PD,213275,Termistor PTC cpl,,100.0,100.0,PC,"67,15",BRL,2024-04-06,2024-05-16,2024-06-25,2024-07-04,A,nan,Unproc,X,,A,nan,REPAIR PARTS,S0,ZBR7I1,2024-04-06,8300/213275
8300,OR,574172146,27742176,VIVOEQUIP LOCACAO DE FERRAMENTAS,27742176,VIVOEQUIP LOCACAO DE FERRAMENTAS,nan,X,TBR2020511,2024-04-05,X6,237770,Casquilho de rolamentos,200.0,200.0,200.0,PC,"17,60",BRL,2024-04-06,2024-05-16,2024-06-25,2024-07-04,A,nan,Unproc,X,,A,nan,REPAIR PARTS,S0,ZBR7I1,2024-04-06,8300/237770
8300,OR,574172146,27742176,VIVOEQUIP LOCACAO DE FERRAMENTAS,27742176,VIVOEQUIP LOCACAO DE FERRAMENTAS,nan,X,TBR2020511,2024-04-05,X6,237737,Mola de compressão,200.0,200.0,200.0,PC,"32,32",BRL,2024-04-06,2024-05-16,2024-06-25,2024-07-04,A,nan,Unproc,X,,A,nan,REPAIR PARTS,S0,ZBR7I1,2024-04-06,8300/237737
8300,OR,574172146,27742176,VIVOEQUIP LOCACAO DE FERRAMENTAS,27742176,VIVOEQUIP LOCACAO DE FERRAMENTAS,nan,X,TBR2020511,2024-04-05,X6,237772,Bloqueio,200.0,200.0,200.0,PC,"263,97",BRL,2024-04-06,2024-05-16,2024-06-25,2024-07-04,A,nan,Unproc,X,,A,nan,REPAIR PARTS,S0,ZBR7I1,2024-04-06,8300/237772
8300,OR,574172146,27742176,VIVOEQUIP LOCACAO DE FERRAMENTAS,27742176,VIVOEQUIP LOCACAO DE FERRAMENTAS,nan,X,TBR2020511,2024-04-05,X6,237774,Mola de torção,200.0,200.0,200.0,PC,"51,22",BRL,2024-04-06,2024-05-16,2024-06-25,2024-07-04,A,nan,Unproc,X,,A,nan,REPAIR PARTS,S0,ZBR7I1,2024-04-06,8300/237774
8300,OR,574172146,27742176,VIVOEQUIP LOCACAO DE FERRAMENTAS,27742176,VIVOEQUIP LOCACAO DE FERRAMENTAS,nan,X,TBR2020511,2024-04-05,X6,237775,Eixo,200.0,200.0,200.0,PC,"23,56",BRL,2024-04-06,2024-05-16,2024-06-25,2024-07-04,A,nan,Unproc,X,,A,nan,REPAIR PARTS,S0,ZBR7I1,2024-04-06,8300/237775
8300,OR,574172146,27742176,VIVOEQUIP LOCACAO DE FERRAMENTAS,27742176,VIVOEQUIP LOCACAO DE FERRAMENTAS,nan,X,TBR2020511,2024-04-05,X6,237821,Eixo curto,200.0,200.0,200.0,PC,"14,75",BRL,2024-04-06,2024-05-16,2024-06-25,2024-07-04,A,nan,Unproc,X,,A,nan,REPAIR PARTS,S0,ZBR7I1,2024-04-06,8300/237821
3000,OR,574172195,25700850,INTEGRACION DE SERVICIOS,25700850,INTEGRACION DE SERVICIOS,nan,nan,TMXCAM0104,2024-04-05,X6,2151601,Broca para taladro TE-CX L2 (12) juego,500.0,400.0,400.0,PC,"18.240,10",MXN,2024-04-08,2024-06-19,2024-07-24,2024-07-26,A,nan,Unproc,X,,A,nan,PTA Cordless,S1,ZMXA01,2024-04-08,3000/2151601
3000,OR,574172195,25700850,INTEGRACION DE SERVICIOS,25700850,INTEGRACION DE SERVICIOS,nan,nan,TMXCAM0104,2024-04-05,X6,2151601,Broca para taladro TE-CX L2 (12) juego,,100.0,100.0,PC,"4.560,03",MXN,2024-04-08,2024-06-19,2024-09-11,2024-09-13,A,nan,Unproc,X,,A,nan,PTA Cordless,S1,ZMXA01,2024-04-08,3000/2151601
8300,OR,574172216,16905003,PROLIGHT PROGRESSO INSTALACOES,16905003,PROLIGHT PROGRESSO INSTALACOES,nan,X,TBR2020506,2024-04-05,X6,366126,"Escova carvão 7x12,5x26 220V-240V AO",,1200.0,1200.0,PC,"190,73",BRL,2024-04-06,2024-05-14,2024-05-08,2024-05-14,A,nan,Unproc,X,,A,nan,REPAIR PARTS,S0,ZBR7G1,2024-04-06,8300/366126
3000,OR,574172292,28504232,ARQUITECTURA BAJAPRO,28504232,ARQUITECTURA BAJAPRO,nan,X,TMXS012607,2024-04-05,X5,2185612,Broca B 62/450 SP-L abras,100.0,100.0,100.0,PC,"3.040,00",MXN,2024-04-05,2024-06-25,2024-07-12,2024-07-19,A,nan,Unproc,X,,A,nan,Diamond Light,SX,ZMXA04,2024-04-05,3000/2185612
8750,ZRO,7233495296,26740743,RUKA CONSTRUCCIONES S.R.L.,26740743,RUKA CONSTRUCCIONES S.R.L.,nan,nan,TARISAM101,2024-04-05,X6,2102619,Cojinete liso,200.0,200.0,,PC,"4.231,66",ARS,,2024-04-10,,2024-04-05,nan,Z3,Unproc,X,,nan,X,REPAIR PARTS,0F,nan,2024-04-05,8750/2102619
8750,ZRO,7233495296,26740743,RUKA CONSTRUCCIONES S.R.L.,26740743,RUKA CONSTRUCCIONES S.R.L.,nan,nan,TARISAM101,2024-04-05,X6,2102618,Junta de pistón,200.0,200.0,,PC,"44.870,24",ARS,,2024-04-10,,2024-04-05,nan,Z3,Unproc,X,,nan,X,REPAIR PARTS,0F,nan,2024-04-05,8750/2102618
8750,ZRO,7233495296,26740743,RUKA CONSTRUCCIONES S.R.L.,26740743,RUKA CONSTRUCCIONES S.R.L.,nan,nan,TARISAM101,2024-04-05,X6,2006877,Portajunta,100.0,100.0,,PC,"50.889,42",ARS,,2024-04-10,,2024-04-05,nan,Z3,Unproc,X,,nan,X,REPAIR PARTS,0F,nan,2024-04-05,8750/2006877
8750,ZRO,7233495296,26740743,RUKA CONSTRUCCIONES S.R.L.,26740743,RUKA CONSTRUCCIONES S.R.L.,nan,nan,TARISAM101,2024-04-05,X6,417535,Rodamiento ranurado de bolas 30X55X13-2R,100.0,100.0,,PC,"14.366,08",ARS,,2024-04-10,,2024-04-05,nan,Z3,Unproc,X,,nan,X,REPAIR PARTS,0F,nan,2024-04-05,8750/417535
8750,ZRO,7233495296,26740743,RUKA CONSTRUCCIONES S.R.L.,26740743,RUKA CONSTRUCCIONES S.R.L.,nan,nan,TARISAM101,2024-04-05,X6,278488,Retén para ejes A30X42X7,100.0,100.0,,PC,"6.128,62",ARS,,2024-04-10,,2024-04-05,nan,Z3,Unproc,X,,nan,X,REPAIR PARTS,0F,nan,2024-04-05,8750/278488
8750,ZRO,7233495296,26740743,RUKA CONSTRUCCIONES S.R.L.,26740743,RUKA CONSTRUCCIONES S.R.L.,nan,nan,TARISAM101,2024-04-05,X6,2006889,Estator 220-240V Service embal.,100.0,100.0,,PC,"75.994,55",ARS,,2024-05-06,,2024-04-05,nan,Z3,Unproc,X,,nan,X,REPAIR PARTS,0F,nan,2024-04-05,8750/2006889
8750,ZRO,7233495296,26740743,RUKA CONSTRUCCIONES S.R.L.,26740743,RUKA CONSTRUCCIONES S.R.L.,nan,nan,TARISAM101,2024-04-05,X6,2042853,FI-Box PRCD 220 -240V embal.,100.0,100.0,,PC,"79.365,45",ARS,,2024-05-03,,2024-04-05,nan,Z3,Unproc,X,,nan,X,REPAIR PARTS,0F,nan,2024-04-05,8750/2042853
8300,ZRO,7233496458,28612332,AL & GT INCORPORADORA LTDA,28640937,AL & GT INCORPORADORA LTDA,nan,X,TBR2010109,2024-04-05,X6,2192944,Placa de montagem BX 3_02 embal.,100.0,100.0,,PC,"234,25",BRL,,2024-04-15,,2024-04-05,nan,Z3,Unproc,X,,nan,X,REPAIR PARTS,0E,ZBR7I1,2024-04-05,8300/2192944
8300,ZRO,7233496458,28612332,AL & GT INCORPORADORA LTDA,28640937,AL & GT INCORPORADORA LTDA,nan,X,TBR2010109,2024-04-05,X6,2082427,Pistão BX 3-ME_01 embal.,100.0,100.0,,PC,"278,01",BRL,,2024-04-15,,2024-04-05,nan,Z3,Unproc,X,,nan,X,REPAIR PARTS,0E,ZBR7I1,2024-04-05,8300/2082427
8300,ZRO,7233496458,28612332,AL & GT INCORPORADORA LTDA,28640937,AL & GT INCORPORADORA LTDA,nan,X,TBR2010109,2024-04-05,X6,2193159,Gaiola de agulhas 8 Nm BX 3_02 kit,100.0,100.0,,EA,"49,11",BRL,,2024-05-16,,2024-04-05,nan,Z3,Unproc,X,,nan,X,REPAIR PARTS,0E,ZBR7I1,2024-04-05,8300/2193159
8300,ZRO,7233496458,28612332,AL & GT INCORPORADORA LTDA,28640937,AL & GT INCORPORADORA LTDA,nan,X,TBR2010109,2024-04-05,X6,2082426,Acoplador BX 3-ME_01 embal.,100.0,100.0,,PC,"417,82",BRL,,2024-04-15,,2024-04-05,nan,Z3,Unproc,X,,nan,X,REPAIR PARTS,0E,ZBR7I1,2024-04-05,8300/2082426
8750,OR,574172473,15907764,ASOCIACION DE LOS TESTIGOS DE,30885639,ASOCIACION DE LOS TESTIGOS DE,nan,X,TAR0000001,2024-04-07,X5,2250110,Remachadora a batería RT 6-22 maletín,,100.0,100.0,PC,"1.243.229,54",ARS,2024-04-09,2024-06-24,2024-07-04,2024-07-04,A,nan,Unproc,X,,A,nan,NURON,S0,nan,2024-04-09,8750/2250110
8300,OR,574173399,20110680,OLIVEIRA E AMORIM SERVICOS DE,20110680,OLIVEIRA E AMORIM SERVICOS DE,nan,nan,TBR2020507,2024-04-08,PD,406387,"Anilha 23,2x0,5x30",,100.0,100.0,PC,"4,60",BRL,2024-04-09,2024-05-16,2024-05-10,2024-05-16,A,nan,Unproc,X,,A,nan,REPAIR PARTS,S0,ZBR7F0,2024-04-09,8300/406387
8300,OR,574173399,20110680,OLIVEIRA E AMORIM SERVICOS DE,20110680,OLIVEIRA E AMORIM SERVICOS DE,nan,nan,TBR2020507,2024-04-08,PD,282143,Porta-escovas cpl,200.0,200.0,200.0,PC,"118,94",BRL,2024-04-09,2024-05-16,2024-05-10,2024-05-16,A,nan,Unproc,X,,A,nan,REPAIR PARTS,S0,ZBR7F0,2024-04-09,8300/282143
8300,OR,574173399,20110680,OLIVEIRA E AMORIM SERVICOS DE,20110680,OLIVEIRA E AMORIM SERVICOS DE,nan,nan,TBR2020507,2024-04-08,PD,279627,"Ficha chata 4,8-0,8 45°",100.0,100.0,100.0,PC,"1,74",BRL,2024-04-09,2024-05-16,2024-05-10,2024-05-16,A,nan,Unproc,X,,A,nan,REPAIR PARTS,S0,ZBR7F0,2024-04-09,8300/279627
8300,OR,574173561,17234485,TERRA CIVIL COM DE EQUIP,17234485,TERRA CIVIL COM DE EQUIP,nan,X,TBR2020507,2024-04-08,X6,2081589,Anel,100.0,100.0,100.0,PC,"6,10",BRL,2024-04-09,2024-05-16,2024-05-10,2024-05-16,A,nan,Unproc,X,,A,nan,REPAIR PARTS,S0,ZBR7F0,2024-04-09,8300/2081589
8300,OR,574173561,17234485,TERRA CIVIL COM DE EQUIP,17234485,TERRA CIVIL COM DE EQUIP,nan,X,TBR2020507,2024-04-08,X6,2084218,Capa,100.0,100.0,100.0,PC,"17,56",BRL,2024-04-09,2024-05-16,2024-05-10,2024-05-16,A,nan,Unproc,X,,A,nan,REPAIR PARTS,S0,ZBR7F0,2024-04-09,8300/2084218
3000,OR,574174586,15405601,SERVICIOS INTEGRALES DE INGENIERIA,15405601,SERVICIOS INTEGRALES DE INGENIERIA,nan,nan,TMXS012302,2024-04-08,X5,2185626,Broca B 162/450 SP-L abras,200.0,200.0,200.0,PC,"13.959,00",MXN,2024-04-09,2024-07-05,2024-07-24,2024-07-29,A,nan,Unproc,X,,A,nan,Diamond Light,S1,ZMXA02,2024-04-09,3000/2185626
8300,OR,574174638,17436586,WF LOCADORA DE FERRAMENTAS,17436586,WF LOCADORA DE FERRAMENTAS,nan,nan,TBR2020507,2024-04-08,X6,412488,Cabeça de bomba kit de serviço,100.0,100.0,100.0,PC,"1.159,87",BRL,2024-04-09,2024-05-16,2024-05-10,2024-05-16,A,nan,Unproc,X,,A,nan,REPAIR PARTS,S0,ZBR7F0,2024-04-09,8300/412488
3000,OR,574174677,16278235,EMBAJADA DE LOS ESTADOS UNIDOS,25684251,EMBAJADA DE LOS ESTADOS UNIDOS,nan,X,TMXCAM0104,2024-04-08,X5,2182583,Juego de accesorios VC caja,,200.0,200.0,PC,"4.560,54",MXN,2024-04-09,2024-06-18,2024-07-16,2024-07-18,A,nan,Unproc,X,,A,nan,Diamond Light,S1,ZMXA01,2024-04-09,3000/2182583
3000,OR,574174683,29683700,POWERTECNO ENERGIA MEXICANA,29764892,POWERTECNO ENERGIA MEXICANA,nan,X,TMXS012906,2024-04-08,Y1,2343282,Base MT-B-GL O4C OC,,800.0,800.0,PC,"35.721,06",MXN,2024-04-09,2024-07-03,2024-07-16,2024-07-23,A,nan,Unproc,X,,A,nan,Installation MT,S1,ZMXA04,2024-04-09,3000/2343282
3000,OR,574174683,29683700,POWERTECNO ENERGIA MEXICANA,29764892,POWERTECNO ENERGIA MEXICANA,nan,X,TMXS012906,2024-04-08,X0,2272069,Unión en ángulo MT-C-GL A OC adjustable,,77000.0,77000.0,PC,"358.073,52",MXN,2024-04-09,2024-06-10,2024-07-10,2024-07-17,A,nan,Unproc,X,,A,nan,Installation MT,S1,ZMXA04,2024-04-09,3000/2272069
3000,OR,574174683,29683700,POWERTECNO ENERGIA MEXICANA,29764892,POWERTECNO ENERGIA MEXICANA,nan,X,TMXS012906,2024-04-08,Y1,2272104,Placa base 4 agujeros MT-B-GXL O4 OC,2000.0,2000.0,2000.0,PC,"94.981,73",MXN,2024-04-09,2024-06-10,2024-07-10,2024-07-17,A,nan,Unproc,X,,A,nan,Installation MT,S1,ZMXA04,2024-04-09,3000/2272104
3000,OR,574176786,22112921,ABASTECEDORA MAXIMO,22754174,ABASTECEDORA MAXIMO S.A. DE C.V.,nan,X,TMXISAM105,2024-04-09,X5,2091381,Clavo para hormigón X-C 32 P8,1820000.0,1820000.0,1820000.0,PC,"30.806,95",MXN,2024-04-10,2024-08-14,2024-07-16,2024-07-22,A,nan,Unproc,X,,A,nan,DX,SX,ZMXA05,2024-04-10,3000/2091381
3000,OR,574176786,22112921,ABASTECEDORA MAXIMO,22754174,ABASTECEDORA MAXIMO S.A. DE C.V.,nan,X,TMXISAM105,2024-04-09,X5,2091381,Clavo para hormigón X-C 32 P8,1180000.0,1180000.0,1180000.0,PC,nan,MXN,2024-04-10,2024-08-14,2024-07-23,2024-07-30,A,nan,Resolved,nan,,A,nan,DX,SX,ZMXA05,2024-07-30,3000/2091381
3000,OR,574177140,18014223,TELEFONIA POR CABLE,30133084,TELEFONIA POR CABLE,nan,X,TMXISAM101,2024-04-09,X0,228085,Martillo perforador TE 2 120V maletín,200.0,200.0,200.0,PC,"6.801,08",MXN,2024-04-10,2024-06-17,2024-07-09,2024-07-12,A,nan,Unproc,X,,A,nan,PTA Corded,S1,ZMXA02,2024-04-10,3000/228085
3000,OR,574177145,18014223,TELEFONIA POR CABLE,30133083,TELEFONIA POR CABLE,nan,X,TMXISAM101,2024-04-09,X0,228085,Martillo perforador TE 2 120V maletín,500.0,500.0,500.0,PC,"17.002,70",MXN,2024-04-10,2024-06-17,2024-07-09,2024-07-12,A,nan,Unproc,X,,A,nan,PTA Corded,S1,ZMXA02,2024-04-10,3000/228085
3000,OR,574177149,18014223,TELEFONIA POR CABLE,29865977,TELEFONIA POR CABLE,nan,X,TMXISAM101,2024-04-09,X0,228085,Martillo perforador TE 2 120V maletín,1000.0,1000.0,1000.0,PC,"34.005,40",MXN,2024-04-10,2024-06-17,2024-07-09,2024-07-12,A,nan,Unproc,X,,A,nan,PTA Corded,S1,ZMXA02,2024-04-10,3000/228085
8650,OR,574177179,15920500,GESTION VIAL S.A,29906335,GESTION VIAL S.A,nan,X,TCL3100011,2024-04-09,X6,3582034,REBAR CUTTER 1 X 12,500.0,500.0,500.0,PC,598.191,CLP,2024-04-10,2024-06-11,2024-09-02,2024-09-03,A,nan,Unproc,X,,A,nan,PTA Cordless,S0,ZCL140,2024-04-10,8650/3582034
8300,ZROB,7233530103,27298651,SOMARSIL ESTRUTURAS LTDA,30885666,SOMARSIL ESTRUTURAS LTDA,nan,nan,TBR1010103,2024-04-09,X6,273118,Mandril TE 2-M NG/TE 7-C cpl,100.0,100.0,100.0,PC,"71,81",BRL,2024-04-09,2024-04-11,2024-04-09,2024-04-11,A,nan,Unproc,X,,A,nan,REPAIR PARTS,0E,nan,2024-04-09,8300/273118
8300,ZROB,7233530107,28106486,MRV MRL RJ E GRANDE RIO,30489453,MRV MRL RJ E GRANDE RIO,nan,X,TBR1010106,2024-04-09,X6,3121788,PARAFUSO,100.0,100.0,100.0,PC,"0,52",BRL,2024-04-09,2024-04-19,2024-04-10,2024-04-19,A,nan,Unproc,X,,A,nan,REPAIR PARTS,0E,ZBRD01,2024-04-09,8300/3121788
8300,ZBRT,529282721,29288680,ALFONSO ANDRES MUNOZ SCHWENCKE,29288680,ALFONSO ANDRES MUNOZ SCHWENCKE,nan,nan,TBRISAM102,2024-04-10,ND,2218140,Mala de demonstração DX FoS M,100.0,100.0,100.0,PC,"1.457,66",BRL,2024-04-10,2024-04-19,2024-04-16,2024-04-19,A,nan,Unproc,X,,A,nan,DX,S0,ZBR7G2,2024-04-10,8300/2218140
8650,KB,529282724,15913253,SOCIEDAD CONTRACTUAL MINERA,15913253,SOCIEDAD CONTRACTUAL MINERA,nan,X,TCL2600017,2024-04-10,X5,2210239,Ultimate exp anc KB-TZ2 3/8x5,,20000.0,20000.0,PC,nan,CLP,2024-04-10,2024-06-17,2024-07-17,2024-07-23,A,nan,Unproc,X,,A,nan,Anchors Mechanical,S1,ZCL312,2024-04-10,8650/2210239
3000,OR,574179268,30024412,PROYECTOS Y CONSTRUCCIONES VALROS,30896244,PROYECTOS Y CONSTRCCIONES,nan,X,TMXS015802,2024-04-10,X5,2305995,Conector DS-WCC 9.2-11mm (5) juego,100.0,100.0,100.0,PC,"8.788,72",MXN,2024-04-11,2024-06-21,2024-07-12,2024-07-16,A,nan,Unproc,X,,A,nan,Diamond Heavy,SX,ZMXA01,2024-04-11,3000/2305995
3000,OR,574179268,30024412,PROYECTOS Y CONSTRUCCIONES VALROS,30896244,PROYECTOS Y CONSTRCCIONES,nan,X,TMXS015802,2024-04-10,X5,235845,Pinza rizadora DS-WSTHY,100.0,100.0,100.0,PC,"97.176,09",MXN,2024-04-11,2024-06-21,2024-07-12,2024-07-16,A,nan,Unproc,X,,A,nan,Diamond Heavy,SX,ZMXA01,2024-04-11,3000/235845
8750,ZEDI,574179326,15907848,TERNIUM ARGENTINA SA,17902958,TERNIUM ARGENTINA SA,nan,X,TAR0110504,2024-04-10,X6,2223897,Varilla anclaje HAS-U 5.8 HDG M16x260,5000.0,5000.0,5000.0,PC,"393.390,00",ARS,2024-04-11,2024-06-25,2024-07-04,2024-07-05,A,nan,Unproc,X,,A,nan,Anchors Mechanical,S0,ZAR24A,2024-04-11,8750/2223897
8750,ZEDI,574179326,15907848,TERNIUM ARGENTINA SA,17902958,TERNIUM ARGENTINA SA,nan,X,TAR0110504,2024-04-10,X6,2223855,Varilla anclaje HAS-U 8.8 M8x150,280000.0,280000.0,280000.0,PC,"3.687.390,00",ARS,2024-04-11,2024-06-25,2024-08-01,2024-08-02,A,nan,Unproc,X,,A,nan,Anchors Mechanical,S0,ZAR24A,2024-04-11,8750/2223855
8300,ZBTS,574179378,30487242,LUIZ GUSTAVO ZANATTA MACEDO,30759457,LUIZ GUSTAVO ZANATTA MACEDO,nan,nan,TBRISAM102,2024-04-10,X6,2112751,"Ferr. de instalação HKD-TE-CX M10 3/8""x3",100.0,100.0,,PC,"341,40",BRL,,2024-04-30,,2024-04-11,nan,nan,Unproc,X,,nan,X,PTA Cordless,S0,ZBR4D7,2024-04-11,8300/2112751
